Id;Nazov;Produktovy kod;;;
180238;HP Color LaserJet Enterprise M652dn;389;;;
180239;HP Color LaserJet Enterprise M855dn;941;;;
180240;HP Color LaserJet Enterprise M880z plus NFC;718;;;
180241;HP Color LaserJet Enterprise Flow MFP M681z;453;;;
180242;HP Color LaserJet Enterprise M652n;726;;;
180243;HP Color LaserJet Enterprise M855x Plus NFC;977;;;
180244;HP Color LaserJet Enterprise MFP M680dn;921;;;
180245;HP Color LaserJet Enterprise Flow MFP M682z;702;;;
180246;HP Color LaserJet Enterprise M653dn;411;;;
180247;HP Color LaserJet Enterprise M855xh;495;;;
180248;HP Color LaserJet Enterprise MFP M680f;92;;;
180249;HP Color LaserJet Enterprise M651dn;743;;;
180250;HP Color LaserJet Enterprise M653x;521;;;
180251;HP Color LaserJet Enterprise M880z;761;;;
180252;HP Color LaserJet Enterprise MFP M681dh;375;;;
180253;HP Color LaserJet Enterprise M651n;393;;;
180254;HP Color LaserJet Enterprise M855+;879;;;
180255;HP Color LaserJet Enterprise M880z plus;284;;;
180256;HP Color LaserJet Enterprise MFP M681f;77;;;
180257;HP Color LaserJet Enterprise M651xh;456;;;
180258;HP Laserjet Enterprise 500 Color M551dn;246;;;
180259;HP LaserJet Enterprise Flow MFP M631h;90;;;
180260;HP Laserjet Enterprise M604dn;715;;;
180261;HP LaserJet Enterprise MFP M630dn;759;;;
180262;HP Laserjet Enterprise 500 Color M551n;142;;;
180263;HP LaserJet Enterprise Flow MFP M632z;26;;;
180264;HP Laserjet Enterprise M604n;198;;;
180265;HP Laserjet Enterprise MFP M630f;99;;;
180266;HP Laserjet Enterprise 500 Color M551xh;699;;;
180267;HP LaserJet Enterprise flow MFP M830z Multifunction;461;;;
180268;HP Laserjet Enterprise M605dn;90;;;
180269;HP LaserJet Enterprise MFP M630h;616;;;
180270;HP LaserJet Enterprise 500 Color MFP M575dn;618;;;
180271;HP LaserJet Enterprise flow MFP M830z NFC/Wireless direct;998;;;
180272;HP Laserjet Enterprise M605n;573;;;
180273;HP LaserJet Enterprise MFP M631dn;421;;;
180274;HP LaserJet Enterprise 500 Color MFP M575f;809;;;
180275;HP LaserJet Enterprise M506dn;164;;;
180276;HP Laserjet Enterprise M605x;278;;;
180277;HP LaserJet Enterprise MFP M631z;527;;;
180278;HP LaserJet Enterprise 500 MFP M525dn;931;;;
180279;HP LaserJet Enterprise M506n;167;;;
180280;HP Laserjet Enterprise M606dn;410;;;
180281;HP LaserJet Enterprise MFP M632fht;410;;;
180282;HP LaserJet Enterprise 500 MFP M525f;642;;;
180283;HP LaserJet Enterprise M506x;37;;;
180284;HP Laserjet Enterprise M606x;476;;;
180285;HP LaserJet Enterprise MFP M632h;256;;;
180286;HP LaserJet Enterprise 700 Printer M712dn;625;;;
180287;HP LaserJet Enterprise M600;243;;;
180288;HP LaserJet Enterprise M607dn;718;;;
180289;HP LaserJet Enterprise MFP M725dn;734;;;
180290;HP LaserJet Enterprise 700 Printer M712xh;444;;;
180291;HP LaserJet Enterprise M601;652;;;
180292;HP LaserJet Enterprise M607n;291;;;
180293;HP LaserJet Enterprise MFP M725f;339;;;
180294;HP Laserjet Enterprise Color M552dn;353;;;
180295;HP LaserJet Enterprise M601dn;770;;;
180296;HP LaserJet Enterprise M608dn;761;;;
180297;HP LaserJet Enterprise MFP M725z;880;;;
180298;HP Laserjet Enterprise Color M553dn;624;;;
180299;HP LaserJet Enterprise M601n;712;;;
180300;HP LaserJet Enterprise M608n;439;;;
180302;HP Laserjet Enterprise Color M553n;363;;;
180303;HP LaserJet Enterprise M602;778;;;
180304;HP LaserJet Enterprise M608x;294;;;
180305;HP LaserJet Enterprise MFP M775dn;992;;;
180306;HP Laserjet Enterprise Color M553x;773;;;
180307;HP LaserJet Enterprise M602dn;223;;;
180308;HP LaserJet Enterprise M609dn;214;;;
180309;HP LaserJet Enterprise MFP M775f;890;;;
180310;HP Laserjet Enterprise Color MFP M577;589;;;
180311;HP LaserJet Enterprise M602n;735;;;
180312;HP LaserJet Enterprise M609x;823;;;
180313;HP LaserJet Enterprise MFP M775z;957;;;
180314;HP Laserjet Enterprise Color MFP M577z;355;;;
180315;HP LaserJet Enterprise M602x;42;;;
180316;HP LaserJet Enterprise M806dn;724;;;
180318;HP LaserJet Enterprise Flow MFP M525c;38;;;
180319;HP LaserJet Enterprise M603;981;;;
180320;HP LaserJet Enterprise M806x+;701;;;
180321;HP LaserJet Enterprise P3015;707;;;
180322;HP LaserJet Enterprise Flow MFP M527c;960;;;
180323;HP LaserJet Enterprise M603dn;593;;;
180324;HP LaserJet Enterprise M806x+ NFC/Wireless Direct;714;;;
180325;HP LaserJet Enterprise P3015d;176;;;
180326;HP LaserJet Enterprise Flow MFP M527z;743;;;
180327;HP LaserJet Enterprise M603n;494;;;
180328;HP LaserJet Enterprise MFP M527dn;766;;;
180329;HP LaserJet Enterprise P3015dn;376;;;
180330;HP LaserJet Enterprise Flow MFP M575c;440;;;
180331;HP LaserJet Enterprise M603xh;654;;;
180332;HP LaserJet Enterprise MFP M527f;808;;;
180333;HP LaserJet Enterprise P3015x;711;;;
180334;HP LaserJet Enterprise Flow MFP M630z;32;;;
180335;HP LaserJet Pro 100;853;;;
180336;HP LaserJet Pro CP1525n;316;;;
180337;HP LaserJet Pro M402dn;929;;;
180338;HP Laserjet Pro MFP M225;140;;;
180339;HP LaserJet Pro 100 Color MFP M175a;141;;;
180340;HP LaserJet Pro CP1525nw;52;;;
180341;HP LaserJet Pro M402dne;889;;;
180342;HP Laserjet Pro MFP M225dn;370;;;
180343;HP LaserJet Pro 100 Color MFP M175nw;81;;;
180344;HP LaserJet Pro CP5220;714;;;
180345;HP LaserJet Pro M402dw;188;;;
180346;HP Laserjet Pro MFP M225dw;817;;;
180347;HP LaserJet Pro 200 Color M251n;789;;;
180348;HP LaserJet Pro M102;233;;;
180349;HP LaserJet Pro M402n;912;;;
180350;HP LaserJet Pro MFP M227;920;;;
180351;HP LaserJet Pro 200 Color M251nw;835;;;
180352;HP LaserJet Pro M102a;472;;;
180353;HP LaserJet Pro M435nw;26;;;
180354;HP LaserJet Pro MFP M227fdn;988;;;
180355;HP LaserJet Pro 200 Color MFP M276n;511;;;
180356;HP LaserJet Pro M102w;881;;;
180357;HP LaserJet Pro M501n;137;;;
180358;HP LaserJet Pro MFP M227fdw;761;;;
180359;HP LaserJet Pro 200 Color MFP M276nw;614;;;
180360;HP LaserJet Pro M1130;34;;;
180361;HP LaserJet Pro M521dn;985;;;
180362;HP LaserJet Pro MFP M227sdn;257;;;
180363;HP LaserJet Pro 300 Color M351a;192;;;
180364;HP LaserJet Pro M1132MFP;715;;;
180365;HP LaserJet Pro M521dw;891;;;
180366;HP LaserJet Pro MFP M28a;900;;;
180367;HP LaserJet Pro 300 Color MFP M375nw;387;;;
180368;HP LaserJet Pro M1136;868;;;
180369;HP LaserJet Pro MFP M125a;118;;;
180370;HP LaserJet Pro MFP M28w;309;;;
180371;HP LaserJet Pro 400 Color M451dn;401;;;
180372;HP LaserJet Pro M118dw;95;;;
180373;HP LaserJet Pro MFP M125nw;133;;;
180374;HP LaserJet Pro MFP M426dw;579;;;
180375;HP LaserJet Pro 400 Color M451dw;624;;;
180376;HP LaserJet Pro M12;884;;;
180377;HP LaserJet Pro MFP M125rnw;149;;;
180378;HP LaserJet Pro MFP M426fdn;753;;;
180379;HP LaserJet Pro 400 Color M451nw;73;;;
180380;HP LaserJet Pro M1210;470;;;
180381;HP LaserJet Pro MFP M127fn;532;;;
180382;HP LaserJet Pro MFP M426fdw;338;;;
180383;HP LaserJet Pro 400 Color MFP M475;675;;;
180384;HP LaserJet Pro M1212;394;;;
180385;HP LaserJet Pro MFP M127fp;474;;;
180386;HP LaserJet Pro P1100;211;;;
180387;HP LaserJet Pro 400 Color MFP M475dn;695;;;
180388;HP LaserJet Pro M1212nf;511;;;
180389;HP LaserJet Pro MFP M127fw;675;;;
180390;HP LaserJet Pro P1102;261;;;
180391;HP LaserJet Pro 400 Color MFP M475dw;516;;;
180392;HP LaserJet Pro M1214nfh;636;;;
180393;HP LaserJet Pro MFP M130;56;;;
180394;HP LaserJet Pro P1102w;984;;;
180395;HP LaserJet Pro 400 Printer M401a;985;;;
180396;HP LaserJet Pro M1217nfw;249;;;
180397;HP LaserJet Pro MFP M130a;761;;;
180398;HP LaserJet Pro P1104;838;;;
180399;HP LaserJet Pro 400 Printer M401d;987;;;
180400;HP LaserJet Pro M12NW;421;;;
180401;HP LaserJet Pro MFP M130fn;192;;;
180402;HP LaserJet Pro P1104w;332;;;
180403;HP LaserJet Pro 400 Printer M401dn;416;;;
180404;HP LaserJet Pro M12w;715;;;
180405;HP LaserJet Pro MFP M130fw;718;;;
180406;HP LaserJet Pro P1106;621;;;
180407;HP LaserJet Pro 400 Printer M401dne;275;;;
180408;HP LaserJet Pro M15;372;;;
180409;HP LaserJet Pro MFP M130nw;966;;;
180410;HP LaserJet Pro P1106w;843;;;
180411;HP LaserJet Pro 400 Printer M401dw;976;;;
180412;HP LaserJet Pro M1536dnf;151;;;
180413;HP LaserJet Pro MFP M148dw;523;;;
180414;HP LaserJet Pro P1107;174;;;
180415;HP LaserJet Pro 400 Printer M401n;682;;;
180416;HP LaserJet Pro M15a;511;;;
180417;HP LaserJet Pro MFP M148fdw;266;;;
180418;HP LaserJet Pro P1107w;287;;;
180419;HP LaserJet Pro 400 MFP M425dn;753;;;
180420;HP LaserJet Pro M15w;290;;;
180421;HP LaserJet Pro MFP M148fw;458;;;
180422;HP LaserJet Pro P1108;416;;;
180423;HP LaserJet Pro 400 MFP M425dw;98;;;
180424;HP LaserJet Pro M203;318;;;
180425;HP Laserjet Pro MFP M201;308;;;
180426;HP LaserJet Pro P1108w;567;;;
180427;HP LaserJet Pro 500 color MFP M570dn;665;;;
180428;HP LaserJet Pro M203dn;154;;;
180429;HP Laserjet Pro MFP M201dw;191;;;
180430;HP LaserJet Pro P1109;368;;;
180431;HP LaserJet Pro 500 color MFP M570dw;466;;;
180432;HP LaserJet Pro M203dw;467;;;
180433;HP Laserjet Pro MFP M201n;910;;;
180434;HP LaserJet Pro P1109w;460;;;
180435;HP LaserJet Pro CM1415;760;;;
180436;HP LaserJet Pro M26nw;61;;;
180437;HP Laserjet Pro MFP M202;387;;;
180438;HP LaserJet Pro P1560;914;;;
180439;HP LaserJet Pro CM1415fn;377;;;
180440;HP LaserJet Pro M275;536;;;
180441;HP Laserjet Pro MFP M202dw;230;;;
180442;HP LaserJet Pro P1566;825;;;
180443;HP LaserJet Pro CM1415fnw;278;;;
180444;HP LaserJet Pro M402d;155;;;
180445;HP Laserjet Pro MFP M202N;830;;;
180446;HP LaserJet Pro P1606dn;383;;;
180447;HP LaserJet Pro CP1525;805;;;
180448;HP LaserJet 1000;509;;;
180449;HP LaserJet 3150se;872;;;
180450;HP LaserJet 4v;367;;;
180451;HP LaserJet M1217;92;;;
180452;HP LaserJet 1000w;626;;;
180453;HP LaserJet 3150xi;631;;;
180454;HP LaserJet 5;420;;;
180455;HP LaserJet M121nf;870;;;
180456;HP LaserJet 1005;153;;;
180457;HP LaserJet 3200;698;;;
180458;HP LaserJet 5000;780;;;
180459;HP LaserJet M1319;718;;;
180460;HP LaserJet 1005w;205;;;
180461;HP LaserJet 3200m;39;;;
180462;HP LaserJet 5000dn;75;;;
180463;HP LaserJet M1319f;502;;;
180464;HP LaserJet 1010;906;;;
180465;HP LaserJet 3200se;564;;;
180466;HP LaserJet 5000gn;416;;;
180467;HP LaserJet M1319f MFP;999;;;
180468;HP LaserJet 1012;878;;;
180469;HP LaserJet 3300;610;;;
180470;HP LaserJet 5000n;147;;;
180471;HP LaserJet M1522n MFP;169;;;
180472;HP LaserJet 1015;58;;;
180473;HP LaserJet 3300mfp;809;;;
180474;HP LaserJet 5100;984;;;
180475;HP LaserJet M1522nf MFP;657;;;
180476;HP LaserJet 1018;609;;;
180477;HP LaserJet 3310;946;;;
180478;HP LaserJet 5100dtn;214;;;
180479;HP LaserJet M1536;705;;;
180480;HP LaserJet 1020;540;;;
180481;HP LaserJet 3320;44;;;
180482;HP LaserJet 5100Le;914;;;
180483;HP LaserJet M2727;409;;;
180484;HP LaserJet 1020 Plus;291;;;
180485;HP LaserJet 3320mfp;426;;;
180486;HP LaserJet 5100se;12;;;
180487;HP LaserJet M2727nf MFP;436;;;
180488;HP LaserJet 1022;203;;;
180489;HP LaserJet 3320n;785;;;
180490;HP LaserJet 5100tn;99;;;
180491;HP LaserJet M2727nfs MFP;329;;;
180492;HP LaserJet 1022n;812;;;
180493;HP LaserJet 3330;208;;;
180494;HP LaserJet 5200;154;;;
180495;HP LaserJet M3027 MFP;391;;;
180496;HP LaserJet 1022nw;708;;;
180497;HP LaserJet 3330mfp;688;;;
180498;HP LaserJet 5200dtn;679;;;
180499;HP LaserJet M3027x MFP;250;;;
180500;HP LaserJet 1100;452;;;
180501;HP LaserJet 3380;246;;;
180502;HP LaserJet 5200L;388;;;
180503;HP LaserJet M3035 MFP;999;;;
180504;HP LaserJet 1100a;383;;;
180505;HP LaserJet 3390;638;;;
180506;HP LaserJet 5200LX;256;;;
180507;HP LaserJet M3035xs MFP;21;;;
180508;HP LaserJet 1100a AiO;152;;;
180509;HP LaserJet 3390 MFP;186;;;
180510;HP LaserJet 5200n;40;;;
180511;HP LaserJet M4345 MFP;905;;;
180512;HP LaserJet 1100A SE;839;;;
180513;HP LaserJet 3392;675;;;
180514;HP LaserJet 5200tn;83;;;
180515;HP LaserJet M4345x MFP;48;;;
180516;HP LaserJet 1100axi AiO;223;;;
180517;HP LaserJet 3392 MFP;394;;;
180518;HP LaserJet 5L;402;;;
180519;HP LaserJet M4345xm MFP;693;;;
180520;HP LaserJet 1100se AiO;937;;;
180521;HP LaserJet 4;476;;;
180522;HP LaserJet 5L FS;601;;;
180523;HP LaserJet M4345xs MFP;574;;;
180524;HP LaserJet 1100xi;91;;;
180525;HP LaserJet 4 C2001A;983;;;
180526;HP LaserJet 5L Xtra;67;;;
180527;HP LaserJet M4555;777;;;
180528;HP LaserJet 1150;706;;;
180529;HP LaserJet 4 Plus;555;;;
180530;HP LaserJet 5m;668;;;
180531;HP LaserJet M4555dn;606;;;
180532;HP LaserJet 1160;49;;;
180533;HP LaserJet 4000;274;;;
180534;HP LaserJet 5mp;316;;;
180535;HP LaserJet M4555f;216;;;
180536;HP LaserJet 1160Le;748;;;
180537;HP LaserJet 4000n;456;;;
180538;HP LaserJet 5n;471;;;
180539;HP LaserJet M4555fskm;58;;;
180540;HP LaserJet 1200;880;;;
180541;HP LaserJet 4000se;575;;;
180542;HP LaserJet 5p;695;;;
180543;HP LaserJet M4555h;521;;;
180544;HP LaserJet 1200n;331;;;
180545;HP LaserJet 4000t;652;;;
180546;HP LaserJet 5si;670;;;
180547;HP LaserJet M5025 MFP;113;;;
180548;HP LaserJet 1200se;75;;;
180549;HP LaserJet 4000tn;260;;;
180550;HP LaserJet 5si Mopier;279;;;
180551;HP LaserJet M5035 MFP;584;;;
180552;HP LaserJet 1220;541;;;
180553;HP LaserJet 4050;933;;;
180554;HP LaserJet 5si mx;972;;;
180555;HP LaserJet M5035x MFP;38;;;
180556;HP LaserJet 1220se;439;;;
180557;HP LaserJet 4050 USB-Mac;914;;;
180558;HP LaserJet 5si nx;649;;;
180559;HP LaserJet M5035xs MFP;538;;;
180560;HP LaserJet 1300;363;;;
180561;HP LaserJet 4050n;867;;;
180562;HP Laserjet 5SII;31;;;
180563;HP LaserJet M9040;722;;;
180564;HP LaserJet 1300n;819;;;
180565;HP LaserJet 4050se;319;;;
180566;HP LaserJet 6;446;;;
180567;HP LaserJet M9050;401;;;
180568;HP LaserJet 1300T;330;;;
180569;HP LaserJet 4050t;851;;;
180570;HP LaserJet 6L;697;;;
180571;HP LaserJet Managed M506dnm;255;;;
180572;HP LaserJet 1300xi;891;;;
180573;HP LaserJet 4050tn;740;;;
180574;HP LaserJet 6L Pro;68;;;
180575;HP LaserJet Managed M506xm;47;;;
180576;HP LaserJet 1320;54;;;
180577;HP LaserJet 4100;274;;;
180578;HP LaserJet 6L se;496;;;
180579;HP LaserJet MFP M436N;445;;;
180580;HP LaserJet 1320n;708;;;
180581;HP LaserJet 4100dtn;33;;;
180582;HP LaserJet 6L xi;972;;;
180583;HP LaserJet MFP M436NDA;323;;;
180584;HP LaserJet 1320nw;170;;;
180585;HP LaserJet 4100mfp;206;;;
180586;HP LaserJet 6mp;656;;;
180587;HP LaserJet P1005;732;;;
180588;HP LaserJet 1320tn;591;;;
180589;HP LaserJet 4100n;309;;;
180590;HP LaserJet 6p;577;;;
180591;HP LaserJet P1006;273;;;
180592;HP LaserJet 1500;762;;;
180593;HP LaserJet 4100se;665;;;
180594;HP LaserJet 6p se;342;;;
180595;HP LaserJet P1007;98;;;
180596;HP LaserJet 1550;504;;;
180597;HP LaserJet 4100tn;859;;;
180598;HP LaserJet 6pxi;140;;;
180599;HP LaserJet P1008;311;;;
180600;HP LaserJet 2100;62;;;
180601;HP LaserJet 4101;381;;;
180602;HP LaserJet 8000;905;;;
180603;HP LaserJet P1009;598;;;
180604;HP LaserJet 2100m;468;;;
180605;HP LaserJet 4101mfp;672;;;
180606;HP LaserJet 8000dn;392;;;
180607;HP LaserJet P1104;365;;;
180608;HP LaserJet 2100se;666;;;
180609;HP LaserJet 4200;491;;;
180610;HP LaserJet 8000mfp;176;;;
180611;HP LaserJet P1104w;801;;;
180612;HP LaserJet 2100tn;249;;;
180613;HP LaserJet 4200dtn;528;;;
180614;HP LaserJet 8000n;550;;;
180615;HP LaserJet P1505;695;;;
180616;HP LaserJet 2100xi;656;;;
180617;HP LaserJet 4200dtnl;46;;;
180618;HP LaserJet 8050;578;;;
180619;HP LaserJet P1505n;411;;;
180620;HP LaserJet 2200;608;;;
180621;HP LaserJet 4200dtns;123;;;
180622;HP LaserJet 8100;102;;;
180623;HP LaserJet P1560;289;;;
180624;HP LaserJet 2200d;499;;;
180625;HP LaserJet 4200dtnsl;654;;;
180626;HP LaserJet 8100dn;480;;;
180627;HP LaserJet P2014;717;;;
180628;HP LaserJet 2200dn;565;;;
180629;HP LaserJet 4200L;534;;;
180630;HP LaserJet 8100mfp;882;;;
180631;HP LaserJet P2014n;943;;;
180632;HP LaserJet 2200dse;938;;;
180633;HP LaserJet 4200LN;877;;;
180634;HP LaserJet 8100n;35;;;
180635;HP LaserJet P2015;824;;;
180636;HP LaserJet 2200dt;34;;;
180637;HP LaserJet 4200LVN;400;;;
180638;HP LaserJet 8150;586;;;
180639;HP LaserJet P2015d;508;;;
180640;HP LaserJet 2200dtn;825;;;
180641;HP LaserJet 4200n;70;;;
180642;HP LaserJet 8150dn;760;;;
180643;HP LaserJet P2015dn;289;;;
180644;HP LaserJet 2200n;452;;;
180645;HP LaserJet 4200tn;915;;;
180646;HP LaserJet 8150hn;173;;;
180647;HP LaserJet P2015dtn;67;;;
180648;HP LaserJet 2300;284;;;
180649;HP LaserJet 4240;342;;;
180650;HP LaserJet 8150mfp;326;;;
180651;HP LaserJet P2015n;686;;;
180652;HP LaserJet 2300d;435;;;
180653;HP LaserJet 4240n;349;;;
180654;HP LaserJet 8150n;564;;;
180655;HP LaserJet P2015x;513;;;
180656;HP LaserJet 2300dn;17;;;
180657;HP LaserJet 4250;359;;;
180658;HP LaserJet 9000;813;;;
180659;HP LaserJet P2030;868;;;
180660;HP LaserJet 2300dtn;505;;;
180661;HP LaserJet 4250dn;602;;;
180662;HP LaserJet 9000dn;401;;;
180663;HP LaserJet P2035;889;;;
180664;HP LaserJet 2300L;915;;;
180665;HP LaserJet 4250dtn;534;;;
180666;HP LaserJet 9000hnf;960;;;
180667;HP LaserJet P2035n;543;;;
180668;HP LaserJet 2300n;362;;;
180669;HP LaserJet 4250dtnsl;585;;;
180670;HP LaserJet 9000hns;467;;;
180671;HP LaserJet P2050;469;;;
180672;HP LaserJet 2400;544;;;
180673;HP LaserJet 4250n;810;;;
180674;HP LaserJet 9000Lmfp;432;;;
180675;HP LaserJet P2055;119;;;
180676;HP LaserJet 2410;526;;;
180677;HP LaserJet 4250tn;695;;;
180678;HP LaserJet 9000mfp;695;;;
180679;HP LaserJet P2055d;891;;;
180680;HP LaserJet 2420;126;;;
180681;HP LaserJet 4300;329;;;
180682;HP LaserJet 9000n;872;;;
180683;HP LaserJet P2055dn;868;;;
180684;HP LaserJet 2420d;115;;;
180685;HP LaserJet 4300dtn;487;;;
180686;HP LaserJet 9040;419;;;
180687;HP LaserJet P2055x;187;;;
180688;HP LaserJet 2420dn;791;;;
180689;HP LaserJet 4300dtns;767;;;
180690;HP LaserJet 9040dn;27;;;
180691;HP LaserJet P3005;335;;;
180692;HP LaserJet 2420n;112;;;
180693;HP LaserJet 4300dtnsl;547;;;
180694;HP LaserJet 9040mfp;745;;;
180695;HP LaserJet P3005d;147;;;
180696;HP LaserJet 2430;606;;;
180697;HP LaserJet 4300n;248;;;
180698;HP LaserJet 9040n;902;;;
180699;HP LaserJet P3005dn;219;;;
180700;HP LaserJet 2430dtn;748;;;
180701;HP LaserJet 4300tn;605;;;
180702;HP LaserJet 9050;616;;;
180703;HP LaserJet P3005dtn;575;;;
180704;HP LaserJet 2430n;768;;;
180705;HP LaserJet 4345;883;;;
180706;HP LaserJet 9050dn;772;;;
180707;HP LaserJet P3005n;17;;;
180708;HP LaserJet 2430t;311;;;
180709;HP LaserJet 4345mfp;379;;;
180710;HP LaserJet 9050mfp;768;;;
180711;HP LaserJet P3005x;430;;;
180712;HP LaserJet 2430tn;329;;;
180713;HP LaserJet 4345x mfp;276;;;
180714;HP LaserJet 9050n;243;;;
180715;HP LaserJet P3010;319;;;
180716;HP LaserJet 2500;938;;;
180717;HP LaserJet 4345xm mfp;491;;;
180718;HP Laserjet 9085mfp;625;;;
180719;HP LaserJet P4014;275;;;
180720;HP LaserJet 3015;362;;;
180721;HP LaserJet 4345xs mfp;578;;;
180722;HP LaserJet 9500;716;;;
180723;HP LaserJet P4014DN;111;;;
180724;HP LaserJet 3020 All-in-one;230;;;
180725;HP LaserJet 4350;950;;;
180726;HP LaserJet II;364;;;
180727;HP LaserJet P4014n;47;;;
180728;HP LaserJet 3030;677;;;
180729;HP LaserJet 4350dtn;584;;;
180730;HP LaserJet IID;62;;;
180731;HP LaserJet P4015dn;236;;;
180732;HP LaserJet 3050;36;;;
180733;HP LaserJet 4350dtnsl;506;;;
180734;HP LaserJet III;259;;;
180735;HP LaserJet P4015n;982;;;
180736;HP LaserJet 3050z;370;;;
180737;HP LaserJet 4350n;119;;;
180738;HP LaserJet IIID;655;;;
180739;HP LaserJet P4015tn;782;;;
180740;HP LaserJet 3052;331;;;
180741;HP LaserJet 4350tn;822;;;
180742;HP LaserJet IIIp;117;;;
180743;HP LaserJet P4015x;699;;;
180744;HP LaserJet 3055;116;;;
180745;HP LaserJet 4L;382;;;
180746;HP LaserJet IIIsi;902;;;
180747;HP LaserJet P4250;605;;;
180748;HP LaserJet 3080;983;;;
180749;HP LaserJet 4m;659;;;
180750;HP LaserJet IIIsi mx;248;;;
180751;HP LaserJet P4350;234;;;
180752;HP LaserJet 3100;593;;;
180753;HP LaserJet 4m Plus;903;;;
180754;HP LaserJet IIp;837;;;
180755;HP LaserJet P4510;425;;;
180756;HP LaserJet 3100 AiO;970;;;
180757;HP LaserJet 4mL;606;;;
180758;HP LaserJet IIp Plus;748;;;
180759;HP LaserJet P4515n;92;;;
180760;HP LaserJet 3100se;770;;;
180761;HP LaserJet 4mp;420;;;
180762;HP LaserJet M1005 MFP;968;;;
180763;HP LaserJet P4515tn;801;;;
180764;HP LaserJet 3100se AiO;839;;;
180765;HP LaserJet 4mv;660;;;
180766;HP LaserJet M1120 MFP;245;;;
180767;HP LaserJet P4515x;481;;;
180768;HP LaserJet 3100xi;867;;;
180769;HP LaserJet 4p;567;;;
180770;HP LaserJet M1120n MFP;375;;;
180771;HP LaserJet P4515xm;106;;;
180772;HP LaserJet 3100xi AiO;56;;;
180773;HP LaserJet 4si;912;;;
180774;HP LaserJet M1213;355;;;
180775;HP LaserJet Pro M501dn;368;;;
180776;HP LaserJet 3150;126;;;
180777;HP LaserJet 4si mx;100;;;
180778;HP Color LaserJet Pro MFP M377dw Ink;848;;;
180779;HP Color LaserJet 4550n Plus;72;;;
180780;HP Color LaserJet CM1312 MFP;95;;;
180781;HP Color LaserJet CP4005dn;162;;;
180782;HP Color 9850 MFPs;883;;;
180783;HP Color LaserJet 4600;575;;;
180784;HP Color LaserJet CM1312n;860;;;
180785;HP Color LaserJet CP4005n;680;;;
180786;HP Color LaserJet 1500;437;;;
180787;HP Color LaserJet 4600dn;484;;;
180788;HP Color LaserJet CM1312nfi;143;;;
180789;HP Color LaserJet CP4025;609;;;
180790;HP Color LaserJet 1500L;166;;;
180791;HP Color LaserJet 4600dtn;964;;;
180792;HP Color LaserJet CM1312nfi MFP;898;;;
180793;HP Color LaserJet CP4025dn;576;;;
180794;HP Color LaserJet 1500Lxi;104;;;
180795;HP Color LaserJet 4600hdn;762;;;
180796;HP Color LaserJet CM2320;538;;;
180797;HP Color LaserJet CP4025n;194;;;
180798;HP Color LaserJet 1600;534;;;
180799;HP Color LaserJet 4600n;104;;;
180800;HP Color LaserJet CM2320fxi;360;;;
180801;HP Color LaserJet CP4525;558;;;
180802;HP Color LaserJet 2500;282;;;
180803;HP Color LaserJet 4610;297;;;
180804;HP Color LaserJet CM2320fxi MFP;360;;;
180805;HP Color LaserJet CP4525dn;969;;;
180806;HP Color LaserJet 2500L;299;;;
180807;HP Color LaserJet 4610n;397;;;
180808;HP Color LaserJet CM2320n;551;;;
180809;HP Color LaserJet CP4525n;712;;;
180810;HP Color LaserJet 2500Lse;583;;;
180811;HP Color LaserJet 4650;638;;;
180812;HP Color LaserJet CM2320nf;277;;;
180813;HP Color LaserJet CP4525xh;956;;;
180814;HP Color LaserJet 2500n;35;;;
180815;HP Color LaserJet 4650dn;506;;;
180816;HP Color LaserJet CM2320nf MFP;22;;;
180817;HP Color LaserJet CP5225;607;;;
180818;HP Color LaserJet 2500tn;763;;;
180819;HP Color LaserJet 4650dtn;373;;;
180820;HP Color LaserJet CM3530;54;;;
180821;HP Color LaserJet CP5225dn;709;;;
180822;HP Color LaserJet 2550;288;;;
180823;HP Color LaserJet 4650hdn;565;;;
180824;HP Color LaserJet CM3530 MFP;127;;;
180825;HP Color LaserJet CP5225n;884;;;
180826;HP Color LaserJet 2550L;984;;;
180827;HP Color LaserJet 4650n;112;;;
180828;HP Color LaserJet CM3530fs MFP;733;;;
180829;HP Color LaserJet CP5520;392;;;
180830;HP Color LaserJet 2550Ln;606;;;
180831;HP Color LaserJet 4700;70;;;
180832;HP Color LaserJet CM4540;41;;;
180833;HP Color LaserJet CP5525dn;443;;;
180834;HP Color LaserJet 2550n;655;;;
180835;HP Color LaserJet 4700dn;557;;;
180836;HP Color LaserJet CM4540f;117;;;
180837;HP Color LaserJet CP5525n;267;;;
180838;HP Color LaserJet 2600;139;;;
180839;HP Color LaserJet 4700dtn;441;;;
180840;HP Color LaserJet CM4540fskm;338;;;
180841;HP Color LaserJet CP5525xh;736;;;
180842;HP Color LaserJet 2600n;649;;;
180843;HP Color LaserJet 4700n;682;;;
180844;HP Color LaserJet CM4540fskm MFP;496;;;
180845;HP Color LaserJet CP6015;370;;;
180846;HP Color LaserJet 2605;462;;;
180847;HP Color LaserJet 4700ph Plus;34;;;
180848;HP Color LaserJet CM4730;43;;;
180849;HP Color LaserJet CP6015de;997;;;
180850;HP Color LaserJet 2605dn;918;;;
180851;HP Color LaserJet 4730;983;;;
180852;HP Color LaserJet CM4730f;901;;;
180853;HP Color LaserJet CP6015dn;552;;;
180854;HP Color LaserJet 2605dtn;586;;;
180855;HP Color LaserJet 4730f;793;;;
180856;HP Color LaserJet CM4730fm;150;;;
180857;HP Color LaserJet CP6015n;795;;;
180858;HP Color LaserJet 2605n;68;;;
180859;HP Color LaserJet 4730fm;60;;;
180860;HP Color LaserJet CM4730fsk;113;;;
180861;HP Color LaserJet CP6015x;753;;;
180862;HP Color LaserJet 2700;86;;;
180863;HP Color LaserJet 4730mfp;867;;;
180864;HP Color LaserJet CM4753MFP;535;;;
180865;HP Color LaserJet CP6015xh;848;;;
180866;HP Color LaserJet 2700dn;107;;;
180867;HP Color LaserJet 4730x;813;;;
180868;HP Color LaserJet CM6030;542;;;
180869;HP Color LaserJet Enterprise CM4540 MFP;297;;;
180870;HP Color LaserJet 2700dtn;582;;;
180871;HP Color LaserJet 4730x mfp;95;;;
180872;HP Color LaserJet CM6030f;280;;;
180873;HP Color LaserJet Enterprise flow M880z;297;;;
180874;HP Color LaserJet 2700n;225;;;
180875;HP Color LaserJet 4730xm;959;;;
180876;HP Color LaserJet CM6040;693;;;
180877;HP Color LaserJet M750dn;434;;;
180878;HP Color LaserJet 2800;429;;;
180879;HP Color LaserJet 4730xm mfp;931;;;
180880;HP Color LaserJet CM6040f;177;;;
180881;HP Color LaserJet M750n;899;;;
180882;HP Color LaserJet 2820;608;;;
180883;HP Color LaserJet 4730xs;626;;;
180884;HP Color LaserJet CM6049f mfp;128;;;
180885;HP Color LaserJet M750xh;266;;;
180886;HP Color LaserJet 2830;560;;;
180887;HP Color LaserJet 4730xs mfp;706;;;
180888;HP Color LaserJet CP1020;590;;;
180889;HP Color LaserJet Pro M252dw;77;;;
180890;HP Color LaserJet 2840;658;;;
180891;HP Color LaserJet 5;365;;;
180892;HP Color LaserJet CP1025;45;;;
180893;HP Color LaserJet Pro M252n;88;;;
180894;HP Color LaserJet 3000;993;;;
180895;HP Color LaserJet 5500;942;;;
180896;HP Color LaserJet CP1025nw;194;;;
180897;HP Color LaserJet Pro M254dn;23;;;
180898;HP Color LaserJet 3000dn;738;;;
180899;HP Color LaserJet 5500dn;360;;;
180900;HP Color LaserJet CP1210;811;;;
180901;HP Color LaserJet Pro M254dw;426;;;
180902;HP Color LaserJet 3000dtn;12;;;
180903;HP Color LaserJet 5500dtn;193;;;
180904;HP Color LaserJet CP1215;522;;;
180905;HP Color LaserJet Pro M254nw;540;;;
180906;HP Color LaserJet 3000n;493;;;
180907;HP Color LaserJet 5500hdn;998;;;
180908;HP Color LaserJet CP1217;31;;;
180909;HP Color LaserJet Pro M452dn;265;;;
180910;HP Color LaserJet 3500;559;;;
180911;HP Color LaserJet 5500n;650;;;
180912;HP Color LaserJet CP1510;814;;;
180913;HP Color LaserJet Pro M452dw;224;;;
180914;HP Color LaserJet 3500n;910;;;
180915;HP Color LaserJet 5550;182;;;
180916;HP Color LaserJet CP1514n;940;;;
180917;HP Color LaserJet Pro M452nw;756;;;
180918;HP Color LaserJet 3550;262;;;
180919;HP Color LaserJet 5550dn;442;;;
180920;HP Color LaserJet CP1515;531;;;
180921;HP Color LaserJet Pro M477dn;982;;;
180922;HP Color LaserJet 3550n;188;;;
180923;HP Color LaserJet 5550dtn;587;;;
180924;HP Color LaserJet CP1515n;973;;;
180925;HP Color LaserJet Pro M477fnw;299;;;
180926;HP Color LaserJet 3600;842;;;
180927;HP Color LaserJet 5550hdn;252;;;
180928;HP Color LaserJet CP1518ni;348;;;
180929;HP Color LaserJet Pro MFP M176n;230;;;
180930;HP Color LaserJet 3600dn;330;;;
180931;HP Color LaserJet 5550n;878;;;
180932;HP Color LaserJet CP2020;551;;;
180933;HP Color LaserJet Pro MFP M177fw;417;;;
180934;HP Color LaserJet 3600n;115;;;
180935;HP Color LaserJet 5m;468;;;
180936;HP Color LaserJet CP2025;181;;;
180937;HP Color LaserJet Pro MFP M180n;681;;;
180938;HP Color LaserJet 3700;536;;;
180939;HP Color LaserJet 8500;168;;;
180940;HP Color LaserJet CP2025dn;787;;;
180941;HP Color LaserJet Pro MFP M180nw;553;;;
180942;HP Color LaserJet 3700dn;709;;;
180943;HP Color LaserJet 8500dn;371;;;
180944;HP Color LaserJet CP2025n;891;;;
180945;HP Color LaserJet Pro MFP M181fw;26;;;
180946;HP Color LaserJet 3700dtn;75;;;
180947;HP Color LaserJet 8500gn Plus;559;;;
180948;HP Color LaserJet CP2025x;578;;;
180949;HP Color LaserJet Pro MFP M274n;505;;;
180950;HP Color LaserJet 3700n;557;;;
180951;HP Color LaserJet 8500n;698;;;
180952;HP Color LaserJet CP3505;139;;;
180953;HP Color LaserJet Pro MFP M277dw;605;;;
180954;HP Color LaserJet 3800;565;;;
180955;HP Color LaserJet 8500n Plus;276;;;
180956;HP Color LaserJet CP3505dn;81;;;
180957;HP Color LaserJet Pro MFP M277n;954;;;
180958;HP Color LaserJet 3800dn;355;;;
180959;HP Color LaserJet 8550;784;;;
180960;HP Color LaserJet CP3505n;844;;;
180961;HP Color LaserJet Pro MFP M280nw;715;;;
180962;HP Color LaserJet 3800dtn;246;;;
180963;HP Color LaserJet 8550dn;396;;;
180964;HP Color LaserJet CP3505x;47;;;
180965;HP Color LaserJet Pro MFP M281cdw;249;;;
180966;HP Color LaserJet 3800n;277;;;
180967;HP Color LaserJet 8550gn;775;;;
180968;HP Color LaserJet CP3520;133;;;
180969;HP Color LaserJet Pro MFP M281fdn;499;;;
180970;HP Color LaserJet 4500;200;;;
180971;HP Color LaserJet 8550mfp;292;;;
180972;HP Color LaserJet CP3525;664;;;
180973;HP Color LaserJet Pro MFP M281fdw;258;;;
180974;HP Color LaserJet 4500dn;226;;;
180975;HP Color LaserJet 8550n;748;;;
180976;HP Color LaserJet CP3525dn;278;;;
180977;HP Color LaserJet Pro MFP M476dn;322;;;
180978;HP Color LaserJet 4500hdn;979;;;
180979;HP Color LaserJet 9500gp;500;;;
180980;HP Color LaserJet CP3525dx;369;;;
180981;HP Color LaserJet Pro MFP M476dw;293;;;
180982;HP Color LaserJet 4500n;323;;;
180983;HP Color LaserJet 9500hdn;293;;;
180984;HP Color LaserJet CP3525n;250;;;
180985;HP Color LaserJet Pro MFP M476nw;620;;;
180986;HP Color LaserJet 4550;513;;;
180987;HP Color LaserJet 9500mfp;878;;;
180988;HP Color LaserJet CP3525x;508;;;
180989;HP Color LaserJet Pro MFP M477dw;223;;;
180990;HP Color LaserJet 4550dn;927;;;
180991;HP Color LaserJet 9500n;435;;;
180992;HP Color LaserJet CP3530;590;;;
180993;HP Color LaserJet Pro MFP M477fdn;607;;;
180994;HP Color LaserJet 4550hdn;240;;;
180995;HP Color LaserJet CM1015 MFP;278;;;
180996;HP Color LaserJet CP3530fs;192;;;
180997;HP Color LaserJet Pro MFP M477fdw;112;;;
180998;HP Color LaserJet 4550hdn Plus;604;;;
180999;HP Color LaserJet CM1017 MFP;907;;;
181000;HP Color LaserJet CP4005;260;;;
181001;HP Color LaserJet Pro MFP M477nw;83;;;
181002;HP Color LaserJet 4550n;583;;;
181003;HP Color LaserJet CM1312;317;;;
181004;HP Mopier 240s;965;;;
181005;HP Mopier 320s;822;;;
181006;HP TopShot LaserJet Pro M275nw;471;;;
181007;HP AMP 100 (T8X39A);720;;;
181008;HP AMP 120 (T8X39D);53;;;
181009;HP AMP 125 (T8X40D);299;;;
181010;HP AMP 130 (T8X39B);209;;;
181011;HP Ink Tank 315;24;;;
181012;HP Ink Tank Wireless 415;453;;;
181013;HP PageWide 352dw Ink;592;;;
181014;HP PageWide Enterprise Color 780;995;;;
181015;HP PageWide Enterprise Color MFP 780dn;628;;;
181016;HP PageWide Pro 477dw;331;;;
181017;HP PageWide 377dw Ink;61;;;
181018;HP PageWide Enterprise Color 785;65;;;
181019;HP PageWide Enterprise Color MFP 780dns;865;;;
181020;HP PageWide Pro 750dn;111;;;
181021;HP PageWide Color MFP 779dn;215;;;
181022;HP PageWide Enterprise Color Flow MFP 586z;691;;;
181023;HP PageWide Pro 352dn;850;;;
181024;HP PageWide Pro 750dw;722;;;
181025;HP PageWIde Enterprise Color 556dn;223;;;
181026;HP PageWide Enterprise Color Flow MFP 785f;188;;;
181027;HP PageWide Pro 377dn;801;;;
181028;HP PageWide Pro 772dn;972;;;
181029;HP PageWide Enterprise Color 556xh;358;;;
181030;HP PageWide Enterprise Color Flow MFP 785zs;740;;;
181031;HP PageWide Pro 447dw;395;;;
181032;HP PageWide Pro 772dw;932;;;
181033;HP PageWide Enterprise Color 765;615;;;
181034;HP PageWIde Enterprise Color MFP 586dn;459;;;
181035;HP PageWide Pro 452dw;711;;;
181036;HP PageWide Pro 777z;144;;;
181037;HP PageWide Enterprise Color 765dn;392;;;
181038;HP PageWide Enterprise Color MFP 586f;990;;;
181039;HP PhotoSmart 100;978;;;
181040;HP PhotoSmart 7600;780;;;
181041;HP Photosmart C3110;178;;;
181042;HP PhotoSmart C6280;329;;;
181043;HP PhotoSmart 1000;265;;;
181044;HP PhotoSmart 7655;892;;;
181045;HP PhotoSmart C3125;29;;;
181046;HP PhotoSmart C6283;828;;;
181047;HP PhotoSmart 1100;298;;;
181048;HP PhotoSmart 7660;511;;;
181049;HP PhotoSmart C3135;883;;;
181050;HP PhotoSmart C6288;135;;;
181051;HP PhotoSmart 1115;462;;;
181052;HP PhotoSmart 7660v;30;;;
181053;HP PhotoSmart C3140;525;;;
181054;HP PhotoSmart C6300;389;;;
181055;HP PhotoSmart 1215;891;;;
181056;HP PhotoSmart 7660w;346;;;
181057;HP PhotoSmart C3150;87;;;
181058;HP PhotoSmart C6324 All-in-One;432;;;
181059;HP PhotoSmart 1215vm;415;;;
181060;HP PhotoSmart 7700;379;;;
181061;HP PhotoSmart C3170 All-in-One;422;;;
181062;HP PhotoSmart C6340;966;;;
181063;HP PhotoSmart 1218;442;;;
181064;HP PhotoSmart 7755;944;;;
181065;HP Photosmart C3173;61;;;
181066;HP PhotoSmart C6350;730;;;
181067;HP PhotoSmart 1218xi;517;;;
181068;HP PhotoSmart 7760;890;;;
181069;HP PhotoSmart C3175;690;;;
181070;HP PhotoSmart C6380;175;;;
181071;HP PhotoSmart 130;137;;;
181072;HP PhotoSmart 7760v;559;;;
181073;HP PhotoSmart C3180;398;;;
181074;HP PhotoSmart C6383;930;;;
181075;HP PhotoSmart 130xi;293;;;
181076;HP PhotoSmart 7760w;404;;;
181077;HP PhotoSmart C3183;522;;;
181078;HP PhotoSmart C7100;660;;;
181079;HP PhotoSmart 1315;313;;;
181080;HP PhotoSmart 7762;231;;;
181081;HP Photosmart C3188;469;;;
181082;HP PhotoSmart C7150;422;;;
181083;HP PhotoSmart 140;206;;;
181084;HP PhotoSmart 7762w;398;;;
181085;HP PhotoSmart C3190;775;;;
181086;HP PhotoSmart C7170;682;;;
181087;HP PhotoSmart 145;761;;;
181088;HP PhotoSmart 7800;855;;;
181089;HP PhotoSmart C4100 All-in-One;776;;;
181090;HP PhotoSmart C7177;635;;;
181091;HP PhotoSmart 145v;416;;;
181092;HP PhotoSmart 7830;803;;;
181093;HP PhotoSmart C4140 All-in-One;106;;;
181094;HP PhotoSmart C7180;553;;;
181095;HP PhotoSmart 145xi;287;;;
181096;HP PhotoSmart 7838;805;;;
181097;HP PhotoSmart C4150;388;;;
181098;HP PhotoSmart C7183;449;;;
181099;HP PhotoSmart 148;127;;;
181100;HP PhotoSmart 7850;529;;;
181101;HP PhotoSmart C4160;576;;;
181102;HP PhotoSmart C7185;418;;;
181103;HP PhotoSmart 2100;936;;;
181104;HP PhotoSmart 7850v;90;;;
181105;HP PhotoSmart C4180;798;;;
181106;HP PhotoSmart C7186;384;;;
181107;HP PhotoSmart 230;171;;;
181108;HP PhotoSmart 7850xi;635;;;
181109;HP PhotoSmart C4183;655;;;
181110;HP PhotoSmart C7188;834;;;
181111;HP PhotoSmart 230v;160;;;
181112;HP PhotoSmart 7900;640;;;
181113;HP PhotoSmart C4188;111;;;
181114;HP PhotoSmart C7190;897;;;
181115;HP PhotoSmart 230xi;998;;;
181116;HP PhotoSmart 7960;340;;;
181117;HP Photosmart C4190;307;;;
181118;HP Photosmart C7200;266;;;
181119;HP PhotoSmart 240;621;;;
181120;HP PhotoSmart 7960v;898;;;
181121;HP PhotoSmart C4200 All-in-One;265;;;
181122;HP PhotoSmart C7250;651;;;
181123;HP PhotoSmart 2410;860;;;
181124;HP PhotoSmart 7960w;747;;;
181125;HP Photosmart C4205;133;;;
181126;HP PhotoSmart C7275;857;;;
181127;HP PhotoSmart 245;670;;;
181128;HP PhotoSmart 8000;181;;;
181129;HP PhotoSmart C4210;305;;;
181130;HP PhotoSmart C7280;609;;;
181131;HP PhotoSmart 2450;910;;;
181132;HP PhotoSmart 8030;273;;;
181133;HP PhotoSmart C4240;84;;;
181134;HP PhotoSmart C7283;819;;;
181135;HP PhotoSmart 245v;584;;;
181136;HP PhotoSmart 8038;283;;;
181137;HP PhotoSmart C4250;132;;;
181138;HP PhotoSmart C7288;369;;;
181139;HP PhotoSmart 245xi;961;;;
181140;HP PhotoSmart 8049;522;;;
181141;HP PhotoSmart C4270;755;;;
181142;HP PhotoSmart C8150;142;;;
181143;HP PhotoSmart 2510;865;;;
181144;HP PhotoSmart 8050;789;;;
181145;HP PhotoSmart C4272;791;;;
181146;HP PhotoSmart C8180;893;;;
181147;HP PhotoSmart 2550;40;;;
181148;HP PhotoSmart 8050v;477;;;
181149;HP PhotoSmart C4273;275;;;
181150;HP PhotoSmart C8183;95;;;
181151;HP PhotoSmart 2570;367;;;
181152;HP PhotoSmart 8050xi;743;;;
181153;HP PhotoSmart C4275;235;;;
181154;HP PhotoSmart D110A e-All-in-One;715;;;
181155;HP PhotoSmart 2573;391;;;
181156;HP PhotoSmart 8053;383;;;
181157;HP PhotoSmart C4280;493;;;
181158;HP PhotoSmart D5060;243;;;
181159;HP PhotoSmart 2575;249;;;
181160;HP PhotoSmart 8150;641;;;
181161;HP PhotoSmart C4283;546;;;
181162;HP PhotoSmart D5063;297;;;
181163;HP PhotoSmart 2575a;718;;;
181164;HP PhotoSmart 8150v;531;;;
181165;HP PhotoSmart C4285;120;;;
181166;HP PhotoSmart D5065;137;;;
181167;HP PhotoSmart 2575v;735;;;
181168;HP PhotoSmart 8150xi;484;;;
181169;HP PhotoSmart C4293;16;;;
181170;HP PhotoSmart D5069;109;;;
181171;HP PhotoSmart 2575xi;285;;;
181172;HP PhotoSmart 8153;291;;;
181173;HP PhotoSmart C4294;169;;;
181174;HP PhotoSmart D5145;416;;;
181175;HP PhotoSmart 2600;539;;;
181176;HP PhotoSmart 8158;265;;;
181177;HP PhotoSmart C4340;971;;;
181178;HP PhotoSmart D5155;414;;;
181179;HP PhotoSmart 2605;283;;;
181180;HP PhotoSmart 8200;478;;;
181181;HP PhotoSmart C4342 All-in-One;502;;;
181182;HP PhotoSmart D5156;581;;;
181183;HP PhotoSmart 2608;258;;;
181184;HP PhotoSmart 8230;369;;;
181185;HP PhotoSmart C4343;948;;;
181186;HP PhotoSmart D5160;766;;;
181187;HP PhotoSmart 2610;994;;;
181188;HP PhotoSmart 8238;796;;;
181189;HP PhotoSmart C4344 All-in-One;86;;;
181190;HP Photosmart D5163;513;;;
181191;HP PhotoSmart 2610v;35;;;
181192;HP PhotoSmart 8250;582;;;
181193;HP PhotoSmart C4345;158;;;
181194;HP PhotoSmart D5168;474;;;
181195;HP PhotoSmart 2610xi;52;;;
181196;HP PhotoSmart 8253;490;;;
181197;HP PhotoSmart C4348;296;;;
181198;HP PhotoSmart D5180;971;;;
181199;HP PhotoSmart 2613;852;;;
181200;HP PhotoSmart 8450;736;;;
181201;HP PhotoSmart C4380;872;;;
181202;HP PhotoSmart D5300;677;;;
181203;HP Photosmart 2615;874;;;
181204;HP PhotoSmart 8450gp;388;;;
181205;HP PhotoSmart C4383;777;;;
181206;HP PhotoSmart D5360;770;;;
181207;HP PhotoSmart 2710;561;;;
181208;HP PhotoSmart 8450v;704;;;
181209;HP PhotoSmart C4385;15;;;
181210;HP PhotoSmart D5363;762;;;
181211;HP PhotoSmart 2710xi;925;;;
181212;HP PhotoSmart 8450xi;109;;;
181213;HP PhotoSmart C4390;119;;;
181214;HP PhotoSmart D5368;565;;;
181215;HP PhotoSmart 2713;482;;;
181216;HP PhotoSmart 8453;676;;;
181217;HP PhotoSmart C4400;717;;;
181218;HP PhotoSmart D5400;417;;;
181219;HP PhotoSmart 3100;714;;;
181220;HP PhotoSmart 8543;901;;;
181221;HP PhotoSmart C4435;910;;;
181222;HP PhotoSmart D5460;482;;;
181223;HP PhotoSmart 3108;354;;;
181224;HP PhotoSmart 8750;285;;;
181225;HP PhotoSmart C4440;301;;;
181226;HP PhotoSmart D5463;267;;;
181227;HP PhotoSmart 3110;836;;;
181228;HP PhotoSmart 8750g;499;;;
181229;HP PhotoSmart C4450;693;;;
181230;HP PhotoSmart D5468;455;;;
181231;HP PhotoSmart 320;560;;;
181232;HP PhotoSmart 8753;842;;;
181233;HP PhotoSmart C4472;551;;;
181234;HP PhotoSmart D6100;31;;;
181235;HP PhotoSmart 3200;182;;;
181236;HP PhotoSmart A310;902;;;
181237;HP PhotoSmart C4473;484;;;
181238;HP PhotoSmart D6160;589;;;